STATION,STATION_NAME,ELEVATION,LATITUDE,LONGITUDE,DATE,PRCP,SNWD,SNOW,TMAX,TMIN
GHCND:USW00094728,NEW YORK CENTRAL PARK OBS BELVEDERE TOWER NY US,39.6,40.77889,-73.96917,20140101,0,0,0,6,-43
GHCND:USW00094728,NEW YORK CENTRAL PARK OBS BELVEDERE TOWER NY US,39.6,40.77889,-73.96917,20140102,84,0,79,6,-77
GHCND:USW00094728,NEW YORK CENTRAL PARK OBS BELVEDERE TOWER NY US,39.6,40.77889,-73.96917,20140103,74,150,84,-77,-127
GHCND:USW00094728,NEW YORK CENTRAL PARK OBS BELVEDERE TOWER NY US,39.6,40.77889,-73.96917,20140104,0,150,0,-16,-132
GHCND:USW00094728,NEW YORK CENTRAL PARK OBS BELVEDERE TOWER NY US,39.6,40.77889,-73.96917,20140105,36,100,0,44,-27
GHCND:USW00094728,NEW YORK CENTRAL PARK OBS BELVEDERE TOWER NY US,39.6,40.77889,-73.96917,20140106,91,30,0,128,-71
GHCND:USW00094728,NEW YORK CENTRAL PARK OBS BELVEDERE TOWER NY US,39.6,40.77889,-73.96917,20140107,0,0,0,-71,-155
GHCND:USW00094728,NEW YORK CENTRAL PARK OBS BELVEDERE TOWER NY US,39.6,40.77889,-73.96917,20140108,0,0,0,-55,-127
GHCND:USW00094728,NEW YORK CENTRAL PARK OBS BELVEDERE TOWER NY US,39.6,40.77889,-73.96917,20140109,0,0,0,0,-55
GHCND:USW00094728,NEW YORK CENTRAL PARK OBS BELVEDERE TOWER NY US,39.6,40.77889,-73.96917,20140110,28,0,0,28,-10
GHCND:USW00094728,NEW YORK CENTRAL PARK OBS BELVEDERE TOWER NY US,39.6,40.77889,-73.96917,20140111,127,0,0,144,28
GHCND:USW00094728,NEW YORK CENTRAL PARK OBS BELVEDERE TOWER NY US,39.6,40.77889,-73.96917,20140112,13,0,0,122,33
GHCND:USW00094728,NEW YORK CENTRAL PARK OBS BELVEDERE TOWER NY US,39.6,40.77889,-73.96917,20140113,0,0,0,106,28
GHCND:USW00094728,NEW YORK CENTRAL PARK OBS BELVEDERE TOWER NY US,39.6,40.77889,-73.96917,20140114,97,0,0,111,67
GHCND:USW00094728,NEW YORK CENTRAL PARK OBS BELVEDERE TOWER NY US,39.6,40.77889,-73.96917,20140115,0,0,0,83,39
GHCND:USW00094728,NEW YORK CENTRAL PARK OBS BELVEDERE TOWER NY US,39.6,40.77889,-73.96917,20140116,0,0,0,56,22
GHCND:USW00094728,NEW YORK CENTRAL PARK OBS BELVEDERE TOWER NY US,39.6,40.77889,-73.96917,20140117,0,0,0,67,6
GHCND:USW00094728,NEW YORK CENTRAL PARK OBS BELVEDERE TOWER NY US,39.6,40.77889,-73.96917,20140118,18,0,0,50,-16
GHCND:USW00094728,NEW YORK CENTRAL PARK OBS BELVEDERE TOWER NY US,39.6,40.77889,-73.96917,20140119,0,0,0,33,-43
GHCND:USW00094728,NEW YORK CENTRAL PARK OBS BELVEDERE TOWER NY US,39.6,40.77889,-73.96917,20140120,0,0,0,78,-5
GHCND:USW00094728,NEW YORK CENTRAL PARK OBS BELVEDERE TOWER NY US,39.6,40.77889,-73.96917,20140121,117,0,279,-5,-116
GHCND:USW00094728,NEW YORK CENTRAL PARK OBS BELVEDERE TOWER NY US,39.6,40.77889,-73.96917,20140122,5,280,13,-82,-149
GHCND:USW00094728,NEW YORK CENTRAL PARK OBS BELVEDERE TOWER NY US,39.6,40.77889,-73.96917,20140123,0,180,0,-66,-138
GHCND:USW00094728,NEW YORK CENTRAL PARK OBS BELVEDERE TOWER NY US,39.6,40.77889,-73.96917,20140124,0,150,0,-66,-121
GHCND:USW00094728,NEW YORK CENTRAL PARK OBS BELVEDERE TOWER NY US,39.6,40.77889,-73.96917,20140125,10,100,25,-21,-71
GHCND:USW00094728,NEW YORK CENTRAL PARK OBS BELVEDERE TOWER NY US,39.6,40.77889,-73.96917,20140126,0,100,0,11,-82
GHCND:USW00094728,NEW YORK CENTRAL PARK OBS BELVEDERE TOWER NY US,39.6,40.77889,-73.96917,20140127,0,80,0,67,-60
GHCND:USW00094728,NEW YORK CENTRAL PARK OBS BELVEDERE TOWER NY US,39.6,40.77889,-73.96917,20140128,0,30,0,-60,-110
GHCND:USW00094728,NEW YORK CENTRAL PARK OBS BELVEDERE TOWER NY US,39.6,40.77889,-73.96917,20140129,10,50,20,-49,-99
GHCND:USW00094728,NEW YORK CENTRAL PARK OBS BELVEDERE TOWER NY US,39.6,40.77889,-73.96917,20140130,0,25,0,-10,-88
GHCND:USW00094728,NEW YORK CENTRAL PARK OBS BELVEDERE TOWER NY US,39.6,40.77889,-73.96917,20140131,0,30,0,39,-38
GHCND:USW00094728,NEW YORK CENTRAL PARK OBS BELVEDERE TOWER NY US,39.6,40.77889,-73.96917,20140201,0,30,0,72,22
GHCND:USW00094728,NEW YORK CENTRAL PARK OBS BELVEDERE TOWER NY US,39.6,40.77889,-73.96917,20140202,0,30,0,133,39
GHCND:USW00094728,NEW YORK CENTRAL PARK OBS BELVEDERE TOWER NY US,39.6,40.77889,-73.96917,20140203,297,30,203,61,-27
GHCND:USW00094728,NEW YORK CENTRAL PARK OBS BELVEDERE TOWER NY US,39.6,40.77889,-73.96917,20140204,0,200,0,17,-55
GHCND:USW00094728,NEW YORK CENTRAL PARK OBS BELVEDERE TOWER NY US,39.6,40.77889,-73.96917,20140205,363,230,102,11,-16
GHCND:USW00094728,NEW YORK CENTRAL PARK OBS BELVEDERE TOWER NY US,39.6,40.77889,-73.96917,20140206,0,230,0,0,-60
GHCND:USW00094728,NEW YORK CENTRAL PARK OBS BELVEDERE TOWER NY US,39.6,40.77889,-73.96917,20140207,0,230,0,0,-43
GHCND:USW00094728,NEW YORK CENTRAL PARK OBS BELVEDERE TOWER NY US,39.6,40.77889,-73.96917,20140208,0,230,0,-16,-60
GHCND:USW00094728,NEW YORK CENTRAL PARK OBS BELVEDERE TOWER NY US,39.6,40.77889,-73.96917,20140209,25,200,30,-5,-60
GHCND:USW00094728,NEW YORK CENTRAL PARK OBS BELVEDERE TOWER NY US,39.6,40.77889,-73.96917,20140210,0,250,0,-16,-60
GHCND:USW00094728,NEW YORK CENTRAL PARK OBS BELVEDERE TOWER NY US,39.6,40.77889,-73.96917,20140211,0,250,0,-32,-88
GHCND:USW00094728,NEW YORK CENTRAL PARK OBS BELVEDERE TOWER NY US,39.6,40.77889,-73.96917,20140212,0,250,0,-38,-105
GHCND:USW00094728,NEW YORK CENTRAL PARK OBS BELVEDERE TOWER NY US,39.6,40.77889,-73.96917,20140213,452,300,241,22,-43
GHCND:USW00094728,NEW YORK CENTRAL PARK OBS BELVEDERE TOWER NY US,39.6,40.77889,-73.96917,20140214,76,460,76,44,-5
GHCND:USW00094728,NEW YORK CENTRAL PARK OBS BELVEDERE TOWER NY US,39.6,40.77889,-73.96917,20140215,33,460,41,28,-27
GHCND:USW00094728,NEW YORK CENTRAL PARK OBS BELVEDERE TOWER NY US,39.6,40.77889,-73.96917,20140216,0,460,0,-10,-60
GHCND:USW00094728,NEW YORK CENTRAL PARK OBS BELVEDERE TOWER NY US,39.6,40.77889,-73.96917,20140217,0,430,0,0,-77
GHCND:USW00094728,NEW YORK CENTRAL PARK OBS BELVEDERE TOWER NY US,39.6,40.77889,-73.96917,20140218,41,460,38,39,-32
GHCND:USW00094728,NEW YORK CENTRAL PARK OBS BELVEDERE TOWER NY US,39.6,40.77889,-73.96917,20140219,66,430,0,72,11
GHCND:USW00094728,NEW YORK CENTRAL PARK OBS BELVEDERE TOWER NY US,39.6,40.77889,-73.96917,20140220,8,380,0,106,28
GHCND:USW00094728,NEW YORK CENTRAL PARK OBS BELVEDERE TOWER NY US,39.6,40.77889,-73.96917,20140221,23,330,0,94,22
GHCND:USW00094728,NEW YORK CENTRAL PARK OBS BELVEDERE TOWER NY US,39.6,40.77889,-73.96917,20140222,0,250,0,122,44
GHCND:USW00094728,NEW YORK CENTRAL PARK OBS BELVEDERE TOWER NY US,39.6,40.77889,-73.96917,20140223,0,230,0,122,61
GHCND:USW00094728,NEW YORK CENTRAL PARK OBS BELVEDERE TOWER NY US,39.6,40.77889,-73.96917,20140224,0,150,0,67,-27
GHCND:USW00094728,NEW YORK CENTRAL PARK OBS BELVEDERE TOWER NY US,39.6,40.77889,-73.96917,20140225,0,150,0,6,-43
GHCND:USW00094728,NEW YORK CENTRAL PARK OBS BELVEDERE TOWER NY US,39.6,40.77889,-73.96917,20140226,8,150,5,-5,-66
GHCND:USW00094728,NEW YORK CENTRAL PARK OBS BELVEDERE TOWER NY US,39.6,40.77889,-73.96917,20140227,0,150,0,11,-99
GHCND:USW00094728,NEW YORK CENTRAL PARK OBS BELVEDERE TOWER NY US,39.6,40.77889,-73.96917,20140228,0,150,0,-43,-127
GHCND:USW00094728,NEW YORK CENTRAL PARK OBS BELVEDERE TOWER NY US,39.6,40.77889,-73.96917,20140301,0,150,0,28,-66
GHCND:USW00094728,NEW YORK CENTRAL PARK OBS BELVEDERE TOWER NY US,39.6,40.77889,-73.96917,20140302,0,130,0,44,0
GHCND:USW00094728,NEW YORK CENTRAL PARK OBS BELVEDERE TOWER NY US,39.6,40.77889,-73.96917,20140303,10,130,3,0,-82
GHCND:USW00094728,NEW YORK CENTRAL PARK OBS BELVEDERE TOWER NY US,39.6,40.77889,-73.96917,20140304,0,130,0,-16,-105
GHCND:USW00094728,NEW YORK CENTRAL PARK OBS BELVEDERE TOWER NY US,39.6,40.77889,-73.96917,20140305,0,100,0,39,-32
GHCND:USW00094728,NEW YORK CENTRAL PARK OBS BELVEDERE TOWER NY US,39.6,40.77889,-73.96917,20140306,0,100,0,-5,-88
GHCND:USW00094728,NEW YORK CENTRAL PARK OBS BELVEDERE TOWER NY US,39.6,40.77889,-73.96917,20140307,0,100,0,28,-32
GHCND:USW00094728,NEW YORK CENTRAL PARK OBS BELVEDERE TOWER NY US,39.6,40.77889,-73.96917,20140308,0,80,0,139,17
GHCND:USW00094728,NEW YORK CENTRAL PARK OBS BELVEDERE TOWER NY US,39.6,40.77889,-73.96917,20140309,0,50,0,67,22
GHCND:USW00094728,NEW YORK CENTRAL PARK OBS BELVEDERE TOWER NY US,39.6,40.77889,-73.96917,20140310,0,30,0,106,22
GHCND:USW00094728,NEW YORK CENTRAL PARK OBS BELVEDERE TOWER NY US,39.6,40.77889,-73.96917,20140311,0,0,0,189,72
GHCND:USW00094728,NEW YORK CENTRAL PARK OBS BELVEDERE TOWER NY US,39.6,40.77889,-73.96917,20140312,89,0,0,133,0
GHCND:USW00094728,NEW YORK CENTRAL PARK OBS BELVEDERE TOWER NY US,39.6,40.77889,-73.96917,20140313,0,0,0,0,-77
GHCND:USW00094728,NEW YORK CENTRAL PARK OBS BELVEDERE TOWER NY US,39.6,40.77889,-73.96917,20140314,0,0,0,78,-55
GHCND:USW00094728,NEW YORK CENTRAL PARK OBS BELVEDERE TOWER NY US,39.6,40.77889,-73.96917,20140315,0,0,0,144,56
GHCND:USW00094728,NEW YORK CENTRAL PARK OBS BELVEDERE TOWER NY US,39.6,40.77889,-73.96917,20140316,0,0,0,56,-10
GHCND:USW00094728,NEW YORK CENTRAL PARK OBS BELVEDERE TOWER NY US,39.6,40.77889,-73.96917,20140317,0,0,0,17,-49
GHCND:USW00094728,NEW YORK CENTRAL PARK OBS BELVEDERE TOWER NY US,39.6,40.77889,-73.96917,20140318,0,0,0,61,-21
GHCND:USW00094728,NEW YORK CENTRAL PARK OBS BELVEDERE TOWER NY US,39.6,40.77889,-73.96917,20140319,234,0,0,78,0
GHCND:USW00094728,NEW YORK CENTRAL PARK OBS BELVEDERE TOWER NY US,39.6,40.77889,-73.96917,20140320,0,0,0,122,44
GHCND:USW00094728,NEW YORK CENTRAL PARK OBS BELVEDERE TOWER NY US,39.6,40.77889,-73.96917,20140321,0,0,0,106,39
GHCND:USW00094728,NEW YORK CENTRAL PARK OBS BELVEDERE TOWER NY US,39.6,40.77889,-73.96917,20140322,0,0,0,172,50
GHCND:USW00094728,NEW YORK CENTRAL PARK OBS BELVEDERE TOWER NY US,39.6,40.77889,-73.96917,20140323,0,0,0,56,-27
GHCND:USW00094728,NEW YORK CENTRAL PARK OBS BELVEDERE TOWER NY US,39.6,40.77889,-73.96917,20140324,0,0,0,17,-60
GHCND:USW00094728,NEW YORK CENTRAL PARK OBS BELVEDERE TOWER NY US,39.6,40.77889,-73.96917,20140325,0,0,0,39,-32
GHCND:USW00094728,NEW YORK CENTRAL PARK OBS BELVEDERE TOWER NY US,39.6,40.77889,-73.96917,20140326,0,0,0,22,-43
GHCND:USW00094728,NEW YORK CENTRAL PARK OBS BELVEDERE TOWER NY US,39.6,40.77889,-73.96917,20140327,0,0,0,67,-55
GHCND:USW00094728,NEW YORK CENTRAL PARK OBS BELVEDERE TOWER NY US,39.6,40.77889,-73.96917,20140328,10,0,0,167,28
GHCND:USW00094728,NEW YORK CENTRAL PARK OBS BELVEDERE TOWER NY US,39.6,40.77889,-73.96917,20140329,460,0,0,150,61
GHCND:USW00094728,NEW YORK CENTRAL PARK OBS BELVEDERE TOWER NY US,39.6,40.77889,-73.96917,20140330,89,0,0,94,39
GHCND:USW00094728,NEW YORK CENTRAL PARK OBS BELVEDERE TOWER NY US,39.6,40.77889,-73.96917,20140331,41,0,0,133,22
GHCND:USW00094728,NEW YORK CENTRAL PARK OBS BELVEDERE TOWER NY US,39.6,40.77889,-73.96917,20140401,0,0,0,156,39
GHCND:USW00094728,NEW YORK CENTRAL PARK OBS BELVEDERE TOWER NY US,39.6,40.77889,-73.96917,20140402,0,0,0,122,56
GHCND:USW00094728,NEW YORK CENTRAL PARK OBS BELVEDERE TOWER NY US,39.6,40.77889,-73.96917,20140403,18,0,0,194,78
GHCND:USW00094728,NEW YORK CENTRAL PARK OBS BELVEDERE TOWER NY US,39.6,40.77889,-73.96917,20140404,53,0,0,83,44
GHCND:USW00094728,NEW YORK CENTRAL PARK OBS BELVEDERE TOWER NY US,39.6,40.77889,-73.96917,20140405,0,0,0,122,44
GHCND:USW00094728,NEW YORK CENTRAL PARK OBS BELVEDERE TOWER NY US,39.6,40.77889,-73.96917,20140406,0,0,0,161,22
GHCND:USW00094728,NEW YORK CENTRAL PARK OBS BELVEDERE TOWER NY US,39.6,40.77889,-73.96917,20140407,132,0,0,117,61
GHCND:USW00094728,NEW YORK CENTRAL PARK OBS BELVEDERE TOWER NY US,39.6,40.77889,-73.96917,20140408,86,0,0,178,78
GHCND:USW00094728,NEW YORK CENTRAL PARK OBS BELVEDERE TOWER NY US,39.6,40.77889,-73.96917,20140409,0,0,0,161,72
GHCND:USW00094728,NEW YORK CENTRAL PARK OBS BELVEDERE TOWER NY US,39.6,40.77889,-73.96917,20140410,0,0,0,144,56
GHCND:USW00094728,NEW YORK CENTRAL PARK OBS BELVEDERE TOWER NY US,39.6,40.77889,-73.96917,20140411,0,0,0,239,133
GHCND:USW00094728,NEW YORK CENTRAL PARK OBS BELVEDERE TOWER NY US,39.6,40.77889,-73.96917,20140412,0,0,0,228,100
GHCND:USW00094728,NEW YORK CENTRAL PARK OBS BELVEDERE TOWER NY US,39.6,40.77889,-73.96917,20140413,0,0,0,250,122
GHCND:USW00094728,NEW YORK CENTRAL PARK OBS BELVEDERE TOWER NY US,39.6,40.77889,-73.96917,20140414,0,0,0,239,150
GHCND:USW00094728,NEW YORK CENTRAL PARK OBS BELVEDERE TOWER NY US,39.6,40.77889,-73.96917,20140415,180,0,0,172,6
GHCND:USW00094728,NEW YORK CENTRAL PARK OBS BELVEDERE TOWER NY US,39.6,40.77889,-73.96917,20140416,13,0,0,94,-5
GHCND:USW00094728,NEW YORK CENTRAL PARK OBS BELVEDERE TOWER NY US,39.6,40.77889,-73.96917,20140417,0,0,0,89,22
GHCND:USW00094728,NEW YORK CENTRAL PARK OBS BELVEDERE TOWER NY US,39.6,40.77889,-73.96917,20140418,0,0,0,94,17
GHCND:USW00094728,NEW YORK CENTRAL PARK OBS BELVEDERE TOWER NY US,39.6,40.77889,-73.96917,20140419,0,0,0,200,50
GHCND:USW00094728,NEW YORK CENTRAL PARK OBS BELVEDERE TOWER NY US,39.6,40.77889,-73.96917,20140420,0,0,0,156,72
GHCND:USW00094728,NEW YORK CENTRAL PARK OBS BELVEDERE TOWER NY US,39.6,40.77889,-73.96917,20140421,0,0,0,194,50
GHCND:USW00094728,NEW YORK CENTRAL PARK OBS BELVEDERE TOWER NY US,39.6,40.77889,-73.96917,20140422,3,0,0,217,106
GHCND:USW00094728,NEW YORK CENTRAL PARK OBS BELVEDERE TOWER NY US,39.6,40.77889,-73.96917,20140423,0,0,0,161,67
GHCND:USW00094728,NEW YORK CENTRAL PARK OBS BELVEDERE TOWER NY US,39.6,40.77889,-73.96917,20140424,0,0,0,167,56
GHCND:USW00094728,NEW YORK CENTRAL PARK OBS BELVEDERE TOWER NY US,39.6,40.77889,-73.96917,20140425,5,0,0,172,67
GHCND:USW00094728,NEW YORK CENTRAL PARK OBS BELVEDERE TOWER NY US,39.6,40.77889,-73.96917,20140426,234,0,0,194,78
GHCND:USW00094728,NEW YORK CENTRAL PARK OBS BELVEDERE TOWER NY US,39.6,40.77889,-73.96917,20140427,0,0,0,150,83
GHCND:USW00094728,NEW YORK CENTRAL PARK OBS BELVEDERE TOWER NY US,39.6,40.77889,-73.96917,20140428,0,0,0,194,72
GHCND:USW00094728,NEW YORK CENTRAL PARK OBS BELVEDERE TOWER NY US,39.6,40.77889,-73.96917,20140429,8,0,0,111,61
GHCND:USW00094728,NEW YORK CENTRAL PARK OBS BELVEDERE TOWER NY US,39.6,40.77889,-73.96917,20140430,1262,0,0,111,50
GHCND:USW00094728,NEW YORK CENTRAL PARK OBS BELVEDERE TOWER NY US,39.6,40.77889,-73.96917,20140501,30,0,0,256,106
GHCND:USW00094728,NEW YORK CENTRAL PARK OBS BELVEDERE TOWER NY US,39.6,40.77889,-73.96917,20140502,0,0,0,211,133
GHCND:USW00094728,NEW YORK CENTRAL PARK OBS BELVEDERE TOWER NY US,39.6,40.77889,-73.96917,20140503,20,0,0,217,122
GHCND:USW00094728,NEW YORK CENTRAL PARK OBS BELVEDERE TOWER NY US,39.6,40.77889,-73.96917,20140504,5,0,0,183,122
GHCND:USW00094728,NEW YORK CENTRAL PARK OBS BELVEDERE TOWER NY US,39.6,40.77889,-73.96917,20140505,0,0,0,211,100
GHCND:USW00094728,NEW YORK CENTRAL PARK OBS BELVEDERE TOWER NY US,39.6,40.77889,-73.96917,20140506,0,0,0,217,111
GHCND:USW00094728,NEW YORK CENTRAL PARK OBS BELVEDERE TOWER NY US,39.6,40.77889,-73.96917,20140507,0,0,0,206,100
GHCND:USW00094728,NEW YORK CENTRAL PARK OBS BELVEDERE TOWER NY US,39.6,40.77889,-73.96917,20140508,104,0,0,150,117
GHCND:USW00094728,NEW YORK CENTRAL PARK OBS BELVEDERE TOWER NY US,39.6,40.77889,-73.96917,20140509,10,0,0,172,128
GHCND:USW00094728,NEW YORK CENTRAL PARK OBS BELVEDERE TOWER NY US,39.6,40.77889,-73.96917,20140510,94,0,0,283,139
GHCND:USW00094728,NEW YORK CENTRAL PARK OBS BELVEDERE TOWER NY US,39.6,40.77889,-73.96917,20140511,8,0,0,278,156
GHCND:USW00094728,NEW YORK CENTRAL PARK OBS BELVEDERE TOWER NY US,39.6,40.77889,-73.96917,20140512,0,0,0,294,178
GHCND:USW00094728,NEW YORK CENTRAL PARK OBS BELVEDERE TOWER NY US,39.6,40.77889,-73.96917,20140513,0,0,0,228,117
GHCND:USW00094728,NEW YORK CENTRAL PARK OBS BELVEDERE TOWER NY US,39.6,40.77889,-73.96917,20140514,3,0,0,217,111
GHCND:USW00094728,NEW YORK CENTRAL PARK OBS BELVEDERE TOWER NY US,39.6,40.77889,-73.96917,20140515,38,0,0,217,144
GHCND:USW00094728,NEW YORK CENTRAL PARK OBS BELVEDERE TOWER NY US,39.6,40.77889,-73.96917,20140516,391,0,0,200,144
GHCND:USW00094728,NEW YORK CENTRAL PARK OBS BELVEDERE TOWER NY US,39.6,40.77889,-73.96917,20140517,0,0,0,211,117
GHCND:USW00094728,NEW YORK CENTRAL PARK OBS BELVEDERE TOWER NY US,39.6,40.77889,-73.96917,20140518,0,0,0,194,106
GHCND:USW00094728,NEW YORK CENTRAL PARK OBS BELVEDERE TOWER NY US,39.6,40.77889,-73.96917,20140519,0,0,0,222,94
GHCND:USW00094728,NEW YORK CENTRAL PARK OBS BELVEDERE TOWER NY US,39.6,40.77889,-73.96917,20140520,0,0,0,256,117
GHCND:USW00094728,NEW YORK CENTRAL PARK OBS BELVEDERE TOWER NY US,39.6,40.77889,-73.96917,20140521,0,0,0,233,172
GHCND:USW00094728,NEW YORK CENTRAL PARK OBS BELVEDERE TOWER NY US,39.6,40.77889,-73.96917,20140522,61,0,0,194,150
GHCND:USW00094728,NEW YORK CENTRAL PARK OBS BELVEDERE TOWER NY US,39.6,40.77889,-73.96917,20140523,231,0,0,217,133
GHCND:USW00094728,NEW YORK CENTRAL PARK OBS BELVEDERE TOWER NY US,39.6,40.77889,-73.96917,20140524,102,0,0,211,139
GHCND:USW00094728,NEW YORK CENTRAL PARK OBS BELVEDERE TOWER NY US,39.6,40.77889,-73.96917,20140525,0,0,0,267,128
GHCND:USW00094728,NEW YORK CENTRAL PARK OBS BELVEDERE TOWER NY US,39.6,40.77889,-73.96917,20140526,0,0,0,300,189
GHCND:USW00094728,NEW YORK CENTRAL PARK OBS BELVEDERE TOWER NY US,39.6,40.77889,-73.96917,20140527,0,0,0,300,178
GHCND:USW00094728,NEW YORK CENTRAL PARK OBS BELVEDERE TOWER NY US,39.6,40.77889,-73.96917,20140528,0,0,0,178,122
GHCND:USW00094728,NEW YORK CENTRAL PARK OBS BELVEDERE TOWER NY US,39.6,40.77889,-73.96917,20140529,0,0,0,189,106
GHCND:USW00094728,NEW YORK CENTRAL PARK OBS BELVEDERE TOWER NY US,39.6,40.77889,-73.96917,20140530,0,0,0,239,128
GHCND:USW00094728,NEW YORK CENTRAL PARK OBS BELVEDERE TOWER NY US,39.6,40.77889,-73.96917,20140531,13,0,0,228,139
GHCND:USW00094728,NEW YORK CENTRAL PARK OBS BELVEDERE TOWER NY US,39.6,40.77889,-73.96917,20140601,0,0,0,250,128
GHCND:USW00094728,NEW YORK CENTRAL PARK OBS BELVEDERE TOWER NY US,39.6,40.77889,-73.96917,20140602,0,0,0,267,150
GHCND:USW00094728,NEW YORK CENTRAL PARK OBS BELVEDERE TOWER NY US,39.6,40.77889,-73.96917,20140603,30,0,0,306,183
GHCND:USW00094728,NEW YORK CENTRAL PARK OBS BELVEDERE TOWER NY US,39.6,40.77889,-73.96917,20140604,0,0,0,278,172
GHCND:USW00094728,NEW YORK CENTRAL PARK OBS BELVEDERE TOWER NY US,39.6,40.77889,-73.96917,20140605,221,0,0,244,161
GHCND:USW00094728,NEW YORK CENTRAL PARK OBS BELVEDERE TOWER NY US,39.6,40.77889,-73.96917,20140606,0,0,0,244,161
GHCND:USW00094728,NEW YORK CENTRAL PARK OBS BELVEDERE TOWER NY US,39.6,40.77889,-73.96917,20140607,0,0,0,278,156
GHCND:USW00094728,NEW YORK CENTRAL PARK OBS BELVEDERE TOWER NY US,39.6,40.77889,-73.96917,20140608,0,0,0,300,189
GHCND:USW00094728,NEW YORK CENTRAL PARK OBS BELVEDERE TOWER NY US,39.6,40.77889,-73.96917,20140609,406,0,0,228,172
GHCND:USW00094728,NEW YORK CENTRAL PARK OBS BELVEDERE TOWER NY US,39.6,40.77889,-73.96917,20140610,0,0,0,250,183
GHCND:USW00094728,NEW YORK CENTRAL PARK OBS BELVEDERE TOWER NY US,39.6,40.77889,-73.96917,20140611,5,0,0,211,161
GHCND:USW00094728,NEW YORK CENTRAL PARK OBS BELVEDERE TOWER NY US,39.6,40.77889,-73.96917,20140612,18,0,0,228,156
GHCND:USW00094728,NEW YORK CENTRAL PARK OBS BELVEDERE TOWER NY US,39.6,40.77889,-73.96917,20140613,325,0,0,261,183
GHCND:USW00094728,NEW YORK CENTRAL PARK OBS BELVEDERE TOWER NY US,39.6,40.77889,-73.96917,20140614,0,0,0,233,156
GHCND:USW00094728,NEW YORK CENTRAL PARK OBS BELVEDERE TOWER NY US,39.6,40.77889,-73.96917,20140615,0,0,0,267,150
GHCND:USW00094728,NEW YORK CENTRAL PARK OBS BELVEDERE TOWER NY US,39.6,40.77889,-73.96917,20140616,0,0,0,272,172
GHCND:USW00094728,NEW YORK CENTRAL PARK OBS BELVEDERE TOWER NY US,39.6,40.77889,-73.96917,20140617,0,0,0,317,217
GHCND:USW00094728,NEW YORK CENTRAL PARK OBS BELVEDERE TOWER NY US,39.6,40.77889,-73.96917,20140618,0,0,0,317,244
GHCND:USW00094728,NEW YORK CENTRAL PARK OBS BELVEDERE TOWER NY US,39.6,40.77889,-73.96917,20140619,38,0,0,250,200
GHCND:USW00094728,NEW YORK CENTRAL PARK OBS BELVEDERE TOWER NY US,39.6,40.77889,-73.96917,20140620,0,0,0,261,178
GHCND:USW00094728,NEW YORK CENTRAL PARK OBS BELVEDERE TOWER NY US,39.6,40.77889,-73.96917,20140621,0,0,0,256,167
GHCND:USW00094728,NEW YORK CENTRAL PARK OBS BELVEDERE TOWER NY US,39.6,40.77889,-73.96917,20140622,0,0,0,261,178
GHCND:USW00094728,NEW YORK CENTRAL PARK OBS BELVEDERE TOWER NY US,39.6,40.77889,-73.96917,20140623,0,0,0,272,183
GHCND:USW00094728,NEW YORK CENTRAL PARK OBS BELVEDERE TOWER NY US,39.6,40.77889,-73.96917,20140624,0,0,0,272,200
GHCND:USW00094728,NEW YORK CENTRAL PARK OBS BELVEDERE TOWER NY US,39.6,40.77889,-73.96917,20140625,20,0,0,294,211
GHCND:USW00094728,NEW YORK CENTRAL PARK OBS BELVEDERE TOWER NY US,39.6,40.77889,-73.96917,20140626,18,0,0,294,211
GHCND:USW00094728,NEW YORK CENTRAL PARK OBS BELVEDERE TOWER NY US,39.6,40.77889,-73.96917,20140627,0,0,0,283,194
GHCND:USW00094728,NEW YORK CENTRAL PARK OBS BELVEDERE TOWER NY US,39.6,40.77889,-73.96917,20140628,0,0,0,306,189
GHCND:USW00094728,NEW YORK CENTRAL PARK OBS BELVEDERE TOWER NY US,39.6,40.77889,-73.96917,20140629,0,0,0,283,200
GHCND:USW00094728,NEW YORK CENTRAL PARK OBS BELVEDERE TOWER NY US,39.6,40.77889,-73.96917,20140630,0,0,0,289,206
GHCND:USW00094728,NEW YORK CENTRAL PARK OBS BELVEDERE TOWER NY US,39.6,40.77889,-73.96917,20140701,0,0,0,317,222
GHCND:USW00094728,NEW YORK CENTRAL PARK OBS BELVEDERE TOWER NY US,39.6,40.77889,-73.96917,20140702,244,0,0,328,222
GHCND:USW00094728,NEW YORK CENTRAL PARK OBS BELVEDERE TOWER NY US,39.6,40.77889,-73.96917,20140703,452,0,0,306,206
GHCND:USW00094728,NEW YORK CENTRAL PARK OBS BELVEDERE TOWER NY US,39.6,40.77889,-73.96917,20140704,36,0,0,233,183
GHCND:USW00094728,NEW YORK CENTRAL PARK OBS BELVEDERE TOWER NY US,39.6,40.77889,-73.96917,20140705,0,0,0,272,172
GHCND:USW00094728,NEW YORK CENTRAL PARK OBS BELVEDERE TOWER NY US,39.6,40.77889,-73.96917,20140706,0,0,0,289,189
GHCND:USW00094728,NEW YORK CENTRAL PARK OBS BELVEDERE TOWER NY US,39.6,40.77889,-73.96917,20140707,10,0,0,322,222
GHCND:USW00094728,NEW YORK CENTRAL PARK OBS BELVEDERE TOWER NY US,39.6,40.77889,-73.96917,20140708,99,0,0,328,217
GHCND:USW00094728,NEW YORK CENTRAL PARK OBS BELVEDERE TOWER NY US,39.6,40.77889,-73.96917,20140709,23,0,0,311,217
GHCND:USW00094728,NEW YORK CENTRAL PARK OBS BELVEDERE TOWER NY US,39.6,40.77889,-73.96917,20140710,0,0,0,283,222
GHCND:USW00094728,NEW YORK CENTRAL PARK OBS BELVEDERE TOWER NY US,39.6,40.77889,-73.96917,20140711,0,0,0,300,217
GHCND:USW00094728,NEW YORK CENTRAL PARK OBS BELVEDERE TOWER NY US,39.6,40.77889,-73.96917,20140712,0,0,0,294,217
GHCND:USW00094728,NEW YORK CENTRAL PARK OBS BELVEDERE TOWER NY US,39.6,40.77889,-73.96917,20140713,8,0,0,283,222
GHCND:USW00094728,NEW YORK CENTRAL PARK OBS BELVEDERE TOWER NY US,39.6,40.77889,-73.96917,20140714,117,0,0,289,222
GHCND:USW00094728,NEW YORK CENTRAL PARK OBS BELVEDERE TOWER NY US,39.6,40.77889,-73.96917,20140715,330,0,0,300,222
GHCND:USW00094728,NEW YORK CENTRAL PARK OBS BELVEDERE TOWER NY US,39.6,40.77889,-73.96917,20140716,0,0,0,272,200
GHCND:USW00094728,NEW YORK CENTRAL PARK OBS BELVEDERE TOWER NY US,39.6,40.77889,-73.96917,20140717,0,0,0,272,194
GHCND:USW00094728,NEW YORK CENTRAL PARK OBS BELVEDERE TOWER NY US,39.6,40.77889,-73.96917,20140718,0,0,0,272,178
GHCND:USW00094728,NEW YORK CENTRAL PARK OBS BELVEDERE TOWER NY US,39.6,40.77889,-73.96917,20140719,0,0,0,244,200
GHCND:USW00094728,NEW YORK CENTRAL PARK OBS BELVEDERE TOWER NY US,39.6,40.77889,-73.96917,20140720,0,0,0,267,189
GHCND:USW00094728,NEW YORK CENTRAL PARK OBS BELVEDERE TOWER NY US,39.6,40.77889,-73.96917,20140721,0,0,0,294,194
GHCND:USW00094728,NEW YORK CENTRAL PARK OBS BELVEDERE TOWER NY US,39.6,40.77889,-73.96917,20140722,0,0,0,300,217
GHCND:USW00094728,NEW YORK CENTRAL PARK OBS BELVEDERE TOWER NY US,39.6,40.77889,-73.96917,20140723,48,0,0,311,222
GHCND:USW00094728,NEW YORK CENTRAL PARK OBS BELVEDERE TOWER NY US,39.6,40.77889,-73.96917,20140724,0,0,0,267,211
GHCND:USW00094728,NEW YORK CENTRAL PARK OBS BELVEDERE TOWER NY US,39.6,40.77889,-73.96917,20140725,0,0,0,278,189
GHCND:USW00094728,NEW YORK CENTRAL PARK OBS BELVEDERE TOWER NY US,39.6,40.77889,-73.96917,20140726,0,0,0,272,206
GHCND:USW00094728,NEW YORK CENTRAL PARK OBS BELVEDERE TOWER NY US,39.6,40.77889,-73.96917,20140727,5,0,0,294,217
GHCND:USW00094728,NEW YORK CENTRAL PARK OBS BELVEDERE TOWER NY US,39.6,40.77889,-73.96917,20140728,48,0,0,278,200
GHCND:USW00094728,NEW YORK CENTRAL PARK OBS BELVEDERE TOWER NY US,39.6,40.77889,-73.96917,20140729,0,0,0,244,178
GHCND:USW00094728,NEW YORK CENTRAL PARK OBS BELVEDERE TOWER NY US,39.6,40.77889,-73.96917,20140730,0,0,0,267,172
GHCND:USW00094728,NEW YORK CENTRAL PARK OBS BELVEDERE TOWER NY US,39.6,40.77889,-73.96917,20140731,0,0,0,278,200
GHCND:USW00094728,NEW YORK CENTRAL PARK OBS BELVEDERE TOWER NY US,39.6,40.77889,-73.96917,20140801,0,0,0,289,217
GHCND:USW00094728,NEW YORK CENTRAL PARK OBS BELVEDERE TOWER NY US,39.6,40.77889,-73.96917,20140802,104,0,0,233,172
GHCND:USW00094728,NEW YORK CENTRAL PARK OBS BELVEDERE TOWER NY US,39.6,40.77889,-73.96917,20140803,18,0,0,244,189
GHCND:USW00094728,NEW YORK CENTRAL PARK OBS BELVEDERE TOWER NY US,39.6,40.77889,-73.96917,20140804,0,0,0,289,211
GHCND:USW00094728,NEW YORK CENTRAL PARK OBS BELVEDERE TOWER NY US,39.6,40.77889,-73.96917,20140805,0,0,0,322,217
GHCND:USW00094728,NEW YORK CENTRAL PARK OBS BELVEDERE TOWER NY US,39.6,40.77889,-73.96917,20140806,0,0,0,283,211
GHCND:USW00094728,NEW YORK CENTRAL PARK OBS BELVEDERE TOWER NY US,39.6,40.77889,-73.96917,20140807,0,0,0,283,189
GHCND:USW00094728,NEW YORK CENTRAL PARK OBS BELVEDERE TOWER NY US,39.6,40.77889,-73.96917,20140808,0,0,0,283,183
GHCND:USW00094728,NEW YORK CENTRAL PARK OBS BELVEDERE TOWER NY US,39.6,40.77889,-73.96917,20140809,0,0,0,306,189
GHCND:USW00094728,NEW YORK CENTRAL PARK OBS BELVEDERE TOWER NY US,39.6,40.77889,-73.96917,20140810,0,0,0,311,200
GHCND:USW00094728,NEW YORK CENTRAL PARK OBS BELVEDERE TOWER NY US,39.6,40.77889,-73.96917,20140811,0,0,0,306,217
GHCND:USW00094728,NEW YORK CENTRAL PARK OBS BELVEDERE TOWER NY US,39.6,40.77889,-73.96917,20140812,48,0,0,261,211
GHCND:USW00094728,NEW YORK CENTRAL PARK OBS BELVEDERE TOWER NY US,39.6,40.77889,-73.96917,20140813,135,0,0,278,200
GHCND:USW00094728,NEW YORK CENTRAL PARK OBS BELVEDERE TOWER NY US,39.6,40.77889,-73.96917,20140814,0,0,0,250,172
GHCND:USW00094728,NEW YORK CENTRAL PARK OBS BELVEDERE TOWER NY US,39.6,40.77889,-73.96917,20140815,0,0,0,228,161
GHCND:USW00094728,NEW YORK CENTRAL PARK OBS BELVEDERE TOWER NY US,39.6,40.77889,-73.96917,20140816,0,0,0,256,172
GHCND:USW00094728,NEW YORK CENTRAL PARK OBS BELVEDERE TOWER NY US,39.6,40.77889,-73.96917,20140817,3,0,0,278,189
GHCND:USW00094728,NEW YORK CENTRAL PARK OBS BELVEDERE TOWER NY US,39.6,40.77889,-73.96917,20140818,0,0,0,272,172
GHCND:USW00094728,NEW YORK CENTRAL PARK OBS BELVEDERE TOWER NY US,39.6,40.77889,-73.96917,20140819,0,0,0,283,172
GHCND:USW00094728,NEW YORK CENTRAL PARK OBS BELVEDERE TOWER NY US,39.6,40.77889,-73.96917,20140820,0,0,0,289,211
GHCND:USW00094728,NEW YORK CENTRAL PARK OBS BELVEDERE TOWER NY US,39.6,40.77889,-73.96917,20140821,89,0,0,283,183
GHCND:USW00094728,NEW YORK CENTRAL PARK OBS BELVEDERE TOWER NY US,39.6,40.77889,-73.96917,20140822,15,0,0,261,183
GHCND:USW00094728,NEW YORK CENTRAL PARK OBS BELVEDERE TOWER NY US,39.6,40.77889,-73.96917,20140823,3,0,0,250,194
GHCND:USW00094728,NEW YORK CENTRAL PARK OBS BELVEDERE TOWER NY US,39.6,40.77889,-73.96917,20140824,0,0,0,267,178
GHCND:USW00094728,NEW YORK CENTRAL PARK OBS BELVEDERE TOWER NY US,39.6,40.77889,-73.96917,20140825,0,0,0,311,178
GHCND:USW00094728,NEW YORK CENTRAL PARK OBS BELVEDERE TOWER NY US,39.6,40.77889,-73.96917,20140826,0,0,0,317,211
GHCND:USW00094728,NEW YORK CENTRAL PARK OBS BELVEDERE TOWER NY US,39.6,40.77889,-73.96917,20140827,0,0,0,322,211
GHCND:USW00094728,NEW YORK CENTRAL PARK OBS BELVEDERE TOWER NY US,39.6,40.77889,-73.96917,20140828,0,0,0,278,189
GHCND:USW00094728,NEW YORK CENTRAL PARK OBS BELVEDERE TOWER NY US,39.6,40.77889,-73.96917,20140829,0,0,0,267,161
GHCND:USW00094728,NEW YORK CENTRAL PARK OBS BELVEDERE TOWER NY US,39.6,40.77889,-73.96917,20140830,0,0,0,267,183
GHCND:USW00094728,NEW YORK CENTRAL PARK OBS BELVEDERE TOWER NY US,39.6,40.77889,-73.96917,20140831,157,0,0,322,228
GHCND:USW00094728,NEW YORK CENTRAL PARK OBS BELVEDERE TOWER NY US,39.6,40.77889,-73.96917,20140901,0,0,0,311,239
GHCND:USW00094728,NEW YORK CENTRAL PARK OBS BELVEDERE TOWER NY US,39.6,40.77889,-73.96917,20140902,0,0,0,333,250
GHCND:USW00094728,NEW YORK CENTRAL PARK OBS BELVEDERE TOWER NY US,39.6,40.77889,-73.96917,20140903,0,0,0,300,222
GHCND:USW00094728,NEW YORK CENTRAL PARK OBS BELVEDERE TOWER NY US,39.6,40.77889,-73.96917,20140904,0,0,0,306,206
GHCND:USW00094728,NEW YORK CENTRAL PARK OBS BELVEDERE TOWER NY US,39.6,40.77889,-73.96917,20140905,0,0,0,306,222
GHCND:USW00094728,NEW YORK CENTRAL PARK OBS BELVEDERE TOWER NY US,39.6,40.77889,-73.96917,20140906,28,0,0,328,194
GHCND:USW00094728,NEW YORK CENTRAL PARK OBS BELVEDERE TOWER NY US,39.6,40.77889,-73.96917,20140907,0,0,0,272,183
GHCND:USW00094728,NEW YORK CENTRAL PARK OBS BELVEDERE TOWER NY US,39.6,40.77889,-73.96917,20140908,0,0,0,239,183
GHCND:USW00094728,NEW YORK CENTRAL PARK OBS BELVEDERE TOWER NY US,39.6,40.77889,-73.96917,20140909,0,0,0,228,172
GHCND:USW00094728,NEW YORK CENTRAL PARK OBS BELVEDERE TOWER NY US,39.6,40.77889,-73.96917,20140910,0,0,0,267,172
GHCND:USW00094728,NEW YORK CENTRAL PARK OBS BELVEDERE TOWER NY US,39.6,40.77889,-73.96917,20140911,0,0,0,283,206
GHCND:USW00094728,NEW YORK CENTRAL PARK OBS BELVEDERE TOWER NY US,39.6,40.77889,-73.96917,20140912,0,0,0,256,167
GHCND:USW00094728,NEW YORK CENTRAL PARK OBS BELVEDERE TOWER NY US,39.6,40.77889,-73.96917,20140913,66,0,0,206,144
GHCND:USW00094728,NEW YORK CENTRAL PARK OBS BELVEDERE TOWER NY US,39.6,40.77889,-73.96917,20140914,0,0,0,217,117
GHCND:USW00094728,NEW YORK CENTRAL PARK OBS BELVEDERE TOWER NY US,39.6,40.77889,-73.96917,20140915,0,0,0,217,128
GHCND:USW00094728,NEW YORK CENTRAL PARK OBS BELVEDERE TOWER NY US,39.6,40.77889,-73.96917,20140916,94,0,0,211,144
GHCND:USW00094728,NEW YORK CENTRAL PARK OBS BELVEDERE TOWER NY US,39.6,40.77889,-73.96917,20140917,0,0,0,228,128
GHCND:USW00094728,NEW YORK CENTRAL PARK OBS BELVEDERE TOWER NY US,39.6,40.77889,-73.96917,20140918,0,0,0,244,139
GHCND:USW00094728,NEW YORK CENTRAL PARK OBS BELVEDERE TOWER NY US,39.6,40.77889,-73.96917,20140919,0,0,0,189,122
GHCND:USW00094728,NEW YORK CENTRAL PARK OBS BELVEDERE TOWER NY US,39.6,40.77889,-73.96917,20140920,0,0,0,239,139
GHCND:USW00094728,NEW YORK CENTRAL PARK OBS BELVEDERE TOWER NY US,39.6,40.77889,-73.96917,20140921,38,0,0,239,194
GHCND:USW00094728,NEW YORK CENTRAL PARK OBS BELVEDERE TOWER NY US,39.6,40.77889,-73.96917,20140922,0,0,0,217,128
GHCND:USW00094728,NEW YORK CENTRAL PARK OBS BELVEDERE TOWER NY US,39.6,40.77889,-73.96917,20140923,0,0,0,217,111
GHCND:USW00094728,NEW YORK CENTRAL PARK OBS BELVEDERE TOWER NY US,39.6,40.77889,-73.96917,20140924,0,0,0,217,144
GHCND:USW00094728,NEW YORK CENTRAL PARK OBS BELVEDERE TOWER NY US,39.6,40.77889,-73.96917,20140925,81,0,0,178,139
GHCND:USW00094728,NEW YORK CENTRAL PARK OBS BELVEDERE TOWER NY US,39.6,40.77889,-73.96917,20140926,0,0,0,250,144
GHCND:USW00094728,NEW YORK CENTRAL PARK OBS BELVEDERE TOWER NY US,39.6,40.77889,-73.96917,20140927,0,0,0,283,156
GHCND:USW00094728,NEW YORK CENTRAL PARK OBS BELVEDERE TOWER NY US,39.6,40.77889,-73.96917,20140928,0,0,0,289,178
GHCND:USW00094728,NEW YORK CENTRAL PARK OBS BELVEDERE TOWER NY US,39.6,40.77889,-73.96917,20140929,0,0,0,261,194
GHCND:USW00094728,NEW YORK CENTRAL PARK OBS BELVEDERE TOWER NY US,39.6,40.77889,-73.96917,20140930,0,0,0,217,167
GHCND:USW00094728,NEW YORK CENTRAL PARK OBS BELVEDERE TOWER NY US,39.6,40.77889,-73.96917,20141001,5,0,0,183,161
GHCND:USW00094728,NEW YORK CENTRAL PARK OBS BELVEDERE TOWER NY US,39.6,40.77889,-73.96917,20141002,0,0,0,211,161
GHCND:USW00094728,NEW YORK CENTRAL PARK OBS BELVEDERE TOWER NY US,39.6,40.77889,-73.96917,20141003,0,0,0,217,133
GHCND:USW00094728,NEW YORK CENTRAL PARK OBS BELVEDERE TOWER NY US,39.6,40.77889,-73.96917,20141004,300,0,0,206,111
GHCND:USW00094728,NEW YORK CENTRAL PARK OBS BELVEDERE TOWER NY US,39.6,40.77889,-73.96917,20141005,0,0,0,161,78
GHCND:USW00094728,NEW YORK CENTRAL PARK OBS BELVEDERE TOWER NY US,39.6,40.77889,-73.96917,20141006,0,0,0,206,100
GHCND:USW00094728,NEW YORK CENTRAL PARK OBS BELVEDERE TOWER NY US,39.6,40.77889,-73.96917,20141007,15,0,0,217,172
GHCND:USW00094728,NEW YORK CENTRAL PARK OBS BELVEDERE TOWER NY US,39.6,40.77889,-73.96917,20141008,10,0,0,228,167
GHCND:USW00094728,NEW YORK CENTRAL PARK OBS BELVEDERE TOWER NY US,39.6,40.77889,-73.96917,20141009,0,0,0,200,128
GHCND:USW00094728,NEW YORK CENTRAL PARK OBS BELVEDERE TOWER NY US,39.6,40.77889,-73.96917,20141010,0,0,0,178,111
GHCND:USW00094728,NEW YORK CENTRAL PARK OBS BELVEDERE TOWER NY US,39.6,40.77889,-73.96917,20141011,84,0,0,156,100
GHCND:USW00094728,NEW YORK CENTRAL PARK OBS BELVEDERE TOWER NY US,39.6,40.77889,-73.96917,20141012,0,0,0,172,89
GHCND:USW00094728,NEW YORK CENTRAL PARK OBS BELVEDERE TOWER NY US,39.6,40.77889,-73.96917,20141013,13,0,0,183,111
GHCND:USW00094728,NEW YORK CENTRAL PARK OBS BELVEDERE TOWER NY US,39.6,40.77889,-73.96917,20141014,0,0,0,244,172
GHCND:USW00094728,NEW YORK CENTRAL PARK OBS BELVEDERE TOWER NY US,39.6,40.77889,-73.96917,20141015,175,0,0,250,206
GHCND:USW00094728,NEW YORK CENTRAL PARK OBS BELVEDERE TOWER NY US,39.6,40.77889,-73.96917,20141016,282,0,0,217,161
GHCND:USW00094728,NEW YORK CENTRAL PARK OBS BELVEDERE TOWER NY US,39.6,40.77889,-73.96917,20141017,0,0,0,217,150
GHCND:USW00094728,NEW YORK CENTRAL PARK OBS BELVEDERE TOWER NY US,39.6,40.77889,-73.96917,20141018,0,0,0,211,133
GHCND:USW00094728,NEW YORK CENTRAL PARK OBS BELVEDERE TOWER NY US,39.6,40.77889,-73.96917,20141019,0,0,0,133,67
GHCND:USW00094728,NEW YORK CENTRAL PARK OBS BELVEDERE TOWER NY US,39.6,40.77889,-73.96917,20141020,0,0,0,156,56
GHCND:USW00094728,NEW YORK CENTRAL PARK OBS BELVEDERE TOWER NY US,39.6,40.77889,-73.96917,20141021,28,0,0,194,128
GHCND:USW00094728,NEW YORK CENTRAL PARK OBS BELVEDERE TOWER NY US,39.6,40.77889,-73.96917,20141022,384,0,0,144,100
GHCND:USW00094728,NEW YORK CENTRAL PARK OBS BELVEDERE TOWER NY US,39.6,40.77889,-73.96917,20141023,155,0,0,117,100
GHCND:USW00094728,NEW YORK CENTRAL PARK OBS BELVEDERE TOWER NY US,39.6,40.77889,-73.96917,20141024,0,0,0,172,106
GHCND:USW00094728,NEW YORK CENTRAL PARK OBS BELVEDERE TOWER NY US,39.6,40.77889,-73.96917,20141025,3,0,0,194,100
GHCND:USW00094728,NEW YORK CENTRAL PARK OBS BELVEDERE TOWER NY US,39.6,40.77889,-73.96917,20141026,0,0,0,172,117
GHCND:USW00094728,NEW YORK CENTRAL PARK OBS BELVEDERE TOWER NY US,39.6,40.77889,-73.96917,20141027,0,0,0,172,89
GHCND:USW00094728,NEW YORK CENTRAL PARK OBS BELVEDERE TOWER NY US,39.6,40.77889,-73.96917,20141028,0,0,0,222,117
GHCND:USW00094728,NEW YORK CENTRAL PARK OBS BELVEDERE TOWER NY US,39.6,40.77889,-73.96917,20141029,0,0,0,222,106
GHCND:USW00094728,NEW YORK CENTRAL PARK OBS BELVEDERE TOWER NY US,39.6,40.77889,-73.96917,20141030,0,0,0,150,83
GHCND:USW00094728,NEW YORK CENTRAL PARK OBS BELVEDERE TOWER NY US,39.6,40.77889,-73.96917,20141031,13,0,0,128,72
GHCND:USW00094728,NEW YORK CENTRAL PARK OBS BELVEDERE TOWER NY US,39.6,40.77889,-73.96917,20141101,89,0,0,83,56
GHCND:USW00094728,NEW YORK CENTRAL PARK OBS BELVEDERE TOWER NY US,39.6,40.77889,-73.96917,20141102,0,0,0,89,50
GHCND:USW00094728,NEW YORK CENTRAL PARK OBS BELVEDERE TOWER NY US,39.6,40.77889,-73.96917,20141103,0,0,0,161,39
GHCND:USW00094728,NEW YORK CENTRAL PARK OBS BELVEDERE TOWER NY US,39.6,40.77889,-73.96917,20141104,0,0,0,200,117
GHCND:USW00094728,NEW YORK CENTRAL PARK OBS BELVEDERE TOWER NY US,39.6,40.77889,-73.96917,20141105,0,0,0,178,133
GHCND:USW00094728,NEW YORK CENTRAL PARK OBS BELVEDERE TOWER NY US,39.6,40.77889,-73.96917,20141106,94,0,0,139,89
GHCND:USW00094728,NEW YORK CENTRAL PARK OBS BELVEDERE TOWER NY US,39.6,40.77889,-73.96917,20141107,0,0,0,117,44
GHCND:USW00094728,NEW YORK CENTRAL PARK OBS BELVEDERE TOWER NY US,39.6,40.77889,-73.96917,20141108,0,0,0,89,22
GHCND:USW00094728,NEW YORK CENTRAL PARK OBS BELVEDERE TOWER NY US,39.6,40.77889,-73.96917,20141109,0,0,0,139,78
GHCND:USW00094728,NEW YORK CENTRAL PARK OBS BELVEDERE TOWER NY US,39.6,40.77889,-73.96917,20141110,0,0,0,161,67
GHCND:USW00094728,NEW YORK CENTRAL PARK OBS BELVEDERE TOWER NY US,39.6,40.77889,-73.96917,20141111,0,0,0,178,94
GHCND:USW00094728,NEW YORK CENTRAL PARK OBS BELVEDERE TOWER NY US,39.6,40.77889,-73.96917,20141112,0,0,0,183,83
GHCND:USW00094728,NEW YORK CENTRAL PARK OBS BELVEDERE TOWER NY US,39.6,40.77889,-73.96917,20141113,51,0,0,89,22
GHCND:USW00094728,NEW YORK CENTRAL PARK OBS BELVEDERE TOWER NY US,39.6,40.77889,-73.96917,20141114,15,0,0,56,17
GHCND:USW00094728,NEW YORK CENTRAL PARK OBS BELVEDERE TOWER NY US,39.6,40.77889,-73.96917,20141115,0,0,0,56,6
GHCND:USW00094728,NEW YORK CENTRAL PARK OBS BELVEDERE TOWER NY US,39.6,40.77889,-73.96917,20141116,8,0,0,72,17
GHCND:USW00094728,NEW YORK CENTRAL PARK OBS BELVEDERE TOWER NY US,39.6,40.77889,-73.96917,20141117,391,0,0,111,44
GHCND:USW00094728,NEW YORK CENTRAL PARK OBS BELVEDERE TOWER NY US,39.6,40.77889,-73.96917,20141118,0,0,0,72,-43
GHCND:USW00094728,NEW YORK CENTRAL PARK OBS BELVEDERE TOWER NY US,39.6,40.77889,-73.96917,20141119,0,0,0,22,-55
GHCND:USW00094728,NEW YORK CENTRAL PARK OBS BELVEDERE TOWER NY US,39.6,40.77889,-73.96917,20141120,0,0,0,72,-5
GHCND:USW00094728,NEW YORK CENTRAL PARK OBS BELVEDERE TOWER NY US,39.6,40.77889,-73.96917,20141121,0,0,0,28,-21
GHCND:USW00094728,NEW YORK CENTRAL PARK OBS BELVEDERE TOWER NY US,39.6,40.77889,-73.96917,20141122,0,0,0,67,-21
GHCND:USW00094728,NEW YORK CENTRAL PARK OBS BELVEDERE TOWER NY US,39.6,40.77889,-73.96917,20141123,0,0,0,139,61
GHCND:USW00094728,NEW YORK CENTRAL PARK OBS BELVEDERE TOWER NY US,39.6,40.77889,-73.96917,20141124,178,0,0,206,117
GHCND:USW00094728,NEW YORK CENTRAL PARK OBS BELVEDERE TOWER NY US,39.6,40.77889,-73.96917,20141125,0,0,0,200,106
GHCND:USW00094728,NEW YORK CENTRAL PARK OBS BELVEDERE TOWER NY US,39.6,40.77889,-73.96917,20141126,315,0,5,106,11
GHCND:USW00094728,NEW YORK CENTRAL PARK OBS BELVEDERE TOWER NY US,39.6,40.77889,-73.96917,20141127,5,0,0,33,11
GHCND:USW00094728,NEW YORK CENTRAL PARK OBS BELVEDERE TOWER NY US,39.6,40.77889,-73.96917,20141128,0,0,0,28,-16
GHCND:USW00094728,NEW YORK CENTRAL PARK OBS BELVEDERE TOWER NY US,39.6,40.77889,-73.96917,20141129,0,0,0,72,-27
GHCND:USW00094728,NEW YORK CENTRAL PARK OBS BELVEDERE TOWER NY US,39.6,40.77889,-73.96917,20141130,0,0,0,128,72
GHCND:USW00094728,NEW YORK CENTRAL PARK OBS BELVEDERE TOWER NY US,39.6,40.77889,-73.96917,20141201,23,0,0,183,56
GHCND:USW00094728,NEW YORK CENTRAL PARK OBS BELVEDERE TOWER NY US,39.6,40.77889,-73.96917,20141202,20,0,0,61,17
GHCND:USW00094728,NEW YORK CENTRAL PARK OBS BELVEDERE TOWER NY US,39.6,40.77889,-73.96917,20141203,15,0,0,78,50
GHCND:USW00094728,NEW YORK CENTRAL PARK OBS BELVEDERE TOWER NY US,39.6,40.77889,-73.96917,20141204,0,0,0,72,28
GHCND:USW00094728,NEW YORK CENTRAL PARK OBS BELVEDERE TOWER NY US,39.6,40.77889,-73.96917,20141205,130,0,0,67,11
GHCND:USW00094728,NEW YORK CENTRAL PARK OBS BELVEDERE TOWER NY US,39.6,40.77889,-73.96917,20141206,310,0,0,100,39
GHCND:USW00094728,NEW YORK CENTRAL PARK OBS BELVEDERE TOWER NY US,39.6,40.77889,-73.96917,20141207,10,0,0,56,-10
GHCND:USW00094728,NEW YORK CENTRAL PARK OBS BELVEDERE TOWER NY US,39.6,40.77889,-73.96917,20141208,0,0,0,28,-43
GHCND:USW00094728,NEW YORK CENTRAL PARK OBS BELVEDERE TOWER NY US,39.6,40.77889,-73.96917,20141209,645,0,0,56,22
GHCND:USW00094728,NEW YORK CENTRAL PARK OBS BELVEDERE TOWER NY US,39.6,40.77889,-73.96917,20141210,20,0,25,44,0
GHCND:USW00094728,NEW YORK CENTRAL PARK OBS BELVEDERE TOWER NY US,39.6,40.77889,-73.96917,20141211,3,30,0,33,-5
GHCND:USW00094728,NEW YORK CENTRAL PARK OBS BELVEDERE TOWER NY US,39.6,40.77889,-73.96917,20141212,0,0,0,33,0
GHCND:USW00094728,NEW YORK CENTRAL PARK OBS BELVEDERE TOWER NY US,39.6,40.77889,-73.96917,20141213,0,0,0,67,11
GHCND:USW00094728,NEW YORK CENTRAL PARK OBS BELVEDERE TOWER NY US,39.6,40.77889,-73.96917,20141214,0,0,0,78,33
GHCND:USW00094728,NEW YORK CENTRAL PARK OBS BELVEDERE TOWER NY US,39.6,40.77889,-73.96917,20141215,0,0,0,89,28
GHCND:USW00094728,NEW YORK CENTRAL PARK OBS BELVEDERE TOWER NY US,39.6,40.77889,-73.96917,20141216,51,0,0,94,33
GHCND:USW00094728,NEW YORK CENTRAL PARK OBS BELVEDERE TOWER NY US,39.6,40.77889,-73.96917,20141217,5,0,0,122,56
GHCND:USW00094728,NEW YORK CENTRAL PARK OBS BELVEDERE TOWER NY US,39.6,40.77889,-73.96917,20141218,0,0,0,56,28
GHCND:USW00094728,NEW YORK CENTRAL PARK OBS BELVEDERE TOWER NY US,39.6,40.77889,-73.96917,20141219,0,0,0,33,-5
GHCND:USW00094728,NEW YORK CENTRAL PARK OBS BELVEDERE TOWER NY US,39.6,40.77889,-73.96917,20141220,0,0,0,6,-10
GHCND:USW00094728,NEW YORK CENTRAL PARK OBS BELVEDERE TOWER NY US,39.6,40.77889,-73.96917,20141221,0,0,0,22,-5
GHCND:USW00094728,NEW YORK CENTRAL PARK OBS BELVEDERE TOWER NY US,39.6,40.77889,-73.96917,20141222,10,0,0,67,17
GHCND:USW00094728,NEW YORK CENTRAL PARK OBS BELVEDERE TOWER NY US,39.6,40.77889,-73.96917,20141223,41,0,0,78,61
GHCND:USW00094728,NEW YORK CENTRAL PARK OBS BELVEDERE TOWER NY US,39.6,40.77889,-73.96917,20141224,203,0,0,144,67
GHCND:USW00094728,NEW YORK CENTRAL PARK OBS BELVEDERE TOWER NY US,39.6,40.77889,-73.96917,20141225,23,0,0,167,67
GHCND:USW00094728,NEW YORK CENTRAL PARK OBS BELVEDERE TOWER NY US,39.6,40.77889,-73.96917,20141226,0,0,0,100,44
GHCND:USW00094728,NEW YORK CENTRAL PARK OBS BELVEDERE TOWER NY US,39.6,40.77889,-73.96917,20141227,0,0,0,128,67
GHCND:USW00094728,NEW YORK CENTRAL PARK OBS BELVEDERE TOWER NY US,39.6,40.77889,-73.96917,20141228,25,0,0,122,61
GHCND:USW00094728,NEW YORK CENTRAL PARK OBS BELVEDERE TOWER NY US,39.6,40.77889,-73.96917,20141229,0,0,0,67,11
GHCND:USW00094728,NEW YORK CENTRAL PARK OBS BELVEDERE TOWER NY US,39.6,40.77889,-73.96917,20141230,0,0,0,11,-21
GHCND:USW00094728,NEW YORK CENTRAL PARK OBS BELVEDERE TOWER NY US,39.6,40.77889,-73.96917,20141231,0,0,0,0,-27
